{
    "mean_vs_sent": 0.13716429103450692,
    "mean_bert_sent": 0.06404991079636858,
    "mean_lrc_other_sent": 0.021144914417658225,
    "mean_lrc_own_sent": 0.08600458739419732
}