{
    "before": {
        "vs_sent": [
            0.1516071436042255,
            0.470355118505585
        ],
        "bert_sent": [
            0.035697506506714084,
            0.5696355551232128
        ],
        "lrc_other": [
            0.011714255830980022,
            0.2624888926414585
        ],
        "lrc_own": [
            0.04486978349545027,
            0.4840284734009031
        ],
        "amount": 9561
    },
    "after": {
        "vs_sent": [
            0.301190587138863,
            0.43418805315724573
        ],
        "bert_sent": [
            0.24392113473547583,
            0.5222477689482624
        ],
        "lrc_other": [
            0.023066169617893754,
            0.23187825440912524
        ],
        "lrc_own": [
            0.05335507921714818,
            0.43682230179068116
        ],
        "amount": 4292
    },
    "during": {
        "vs_sent": [
            0.16049633853541417,
            0.4955340586342046
        ],
        "bert_sent": [
            0.014598487094104313,
            0.5492903293033614
        ],
        "lrc_other": [
            -0.0007753101240496198,
            0.2972573850464675
        ],
        "lrc_own": [
            0.05657262905162065,
            0.44557288436924325
        ],
        "amount": 39984
    }
}