{
    "1": {
        "vs_sent": 0.2097219423650639,
        "bert_sent": 0.05660479835837346,
        "lrc_other": 0.019833351570897995,
        "lrc_own": 0.04243291258198858,
        "count": 621428,
        "mean_sent": 0.08214825121908098
    },
    "2": {
        "vs_sent": 0.22091076998893677,
        "bert_sent": 0.24578136009224552,
        "lrc_other": 0.012866447342132954,
        "lrc_own": 0.07577351856044966,
        "count": 75079,
        "mean_sent": 0.13883302399594122
    },
    "3": {
        "vs_sent": -0.2362396974127736,
        "bert_sent": -0.3500942903250237,
        "lrc_other": -0.12582932967284374,
        "lrc_own": -0.01613400574935593,
        "count": 100533,
        "mean_sent": -0.18207433078999924
    },
    "4": {
        "vs_sent": 0.06340092879256977,
        "bert_sent": -0.06723383555418619,
        "lrc_other": 0.025210084033613446,
        "lrc_own": 0.07463511720477664,
        "count": 9044,
        "mean_sent": 0.02400307361919342
    },
    "5": {
        "vs_sent": 0.2817659633825239,
        "bert_sent": 0.14619528344634108,
        "lrc_other": 0.011362481222539729,
        "lrc_own": 0.10829370771541841,
        "count": 88537,
        "mean_sent": 0.1369043589417058
    },
    "6": {
        "vs_sent": 0.14020520553254423,
        "bert_sent": 0.026662059674945518,
        "lrc_other": 0.007436475062374343,
        "lrc_own": 0.02608822033282465,
        "count": 41283,
        "mean_sent": 0.05009799015067219
    },
    "7": {
        "vs_sent": 0.18096551502837674,
        "bert_sent": 0.36582334440086095,
        "lrc_other": 0.025278995971048598,
        "lrc_own": 0.04435411987021785,
        "count": 28047,
        "mean_sent": 0.15410549381762603
    },
    "8": {
        "vs_sent": 0.24704006546416246,
        "bert_sent": 0.35682039765338974,
        "lrc_other": 0.015599972142906888,
        "lrc_own": 0.04965526847273487,
        "count": 14359,
        "mean_sent": 0.1672789259332985
    },
    "9": {
        "vs_sent": 0.09072970691676334,
        "bert_sent": 0.0395521480038372,
        "lrc_other": 0.007033997655334115,
        "lrc_own": 0.08737788198515045,
        "count": 12795,
        "mean_sent": 0.056173433640271275
    },
    "10": {
        "vs_sent": -0.23028925219307914,
        "bert_sent": -0.270320201869333,
        "lrc_other": -0.1052696153610208,
        "lrc_own": 0.021961842831728116,
        "count": 16301,
        "mean_sent": -0.1459793066479262
    },
    "11": {
        "vs_sent": -0.5983357985837936,
        "bert_sent": -0.2819097879253095,
        "lrc_other": -0.10280618935221611,
        "lrc_own": 0.021243115656963022,
        "count": 3813,
        "mean_sent": -0.24045216505108905
    }
}